time,primary_key,primary_value,repeated_field,random_nonsense,long_payload
2020-10-27 15:08:02.033561,0x1dc2,393922,same silly value,55db36cb-08a9-4cfd-839f-abe1f7ca992d,Splunk> The IT Search Engine. 
2020-10-27 15:59:31.757655,0x95b4,1133,same silly value,4fbce3ce-56d5-42cd-bedf-d66a4b0b7980,splunk> We line break for regular expressions 
2020-10-27 16:29:21.502613,0x21a5,464172,same silly value,8f834f57-9bb4-41bc-8baa-b7fede48192d,splunk> Show me your logs 
2020-10-27 16:53:44.757545,0x89bc,480013,same silly value,64dc66bf-204a-4130-921a-503693fcd3d8,splunk> These are the droids you are looking for 
2020-10-27 19:06:21.988468,0xa87f,614845,same silly value,c62c8ff9-f34e-4ff9-9783-c661de26d1a5,splunk> IT like you mean it 
2020-10-27 20:31:31.453681,0x87df,289746,same silly value,3d68a3d1-337b-4e0d-a668-0b1c3bcaad5a,splunk> Rhymes with drunk 
2020-10-27 20:37:02.795421,0xd2e7,908550,same silly value,ec8a5ef1-9b13-4a38-b844-4785c204f8b4,splunk> don't get caught up in the game of pwns 
2020-10-27 21:54:45.729438,0x74f5,356668,same silly value,0ce0a5da-8eaf-4525-bc2b-3f79cc9cdade,"splunk> log, I am your father"
2020-10-27 22:05:30.879549,0xea1c,363170,same silly value,b19edc19-a5f5-4ac8-8c24-fc60e2251249,Splunk> $bin/splunk help
2020-10-28 00:10:21.924330,0xfa9b,970074,same silly value,1b979302-fa54-4302-8d5a-c3211c762f6b,Splunk> You bet your sweet SaaS
2020-10-28 01:33:15.428494,0x7fb0,853822,same silly value,32e04dc2-3d0e-41b5-a9bc-416d45d1e5b4,splunk> Rhymes with drunk 
2020-10-28 01:59:34.029638,0x59d4,580065,same silly value,690228b5-b82c-4699-ac72-3f3c8abe25dc,splunk> don't get caught up in the game of pwns 
2020-10-28 06:02:52.734730,0x163c,622604,same silly value,fa2934d8-8601-4392-9abd-4d4179ceab8d,Splunk> data with destiny 
2020-10-28 07:36:52.782617,0xfc91,920765,same silly value,a831322c-23a0-437d-b792-a9bc429b5449,Splunk> I like Big Data and I cannot lie.
2020-10-28 07:41:01.381342,0xaed4,921102,same silly value,82b6ba93-42f7-4cbb-8c46-890c9d58ecac,Splunk> Dark Mode
2020-10-28 08:47:37.271676,0xbaf7,792333,same silly value,264ccb55-b5f0-41b8-8a57-18c758a1428e,"Splunk> More brain, less surgery"
2020-10-28 10:17:08.112325,0x7895,283601,same silly value,ba9e4c54-affb-4448-8da9-08595756cd5f,Splunk> Machine watchable
2020-10-28 14:52:15.424459,0x2a74,639127,same silly value,c616a53c-689e-46ed-9f0d-5649632467a3,Splunk> Take the sh out of IT
2020-10-28 15:48:11.505506,0x843c,320358,same silly value,bc47dde0-d4ec-4c09-bab8-5d8f0162cf60,Splunk> Weapon of a Security Warrior.
2020-10-28 17:46:43.071425,0x1ed8,232301,same silly value,315917b0-75a0-4555-9459-41a4ec9ae09e,splunk> More flexible than an Olympic gymnast. 
2020-10-28 20:27:58.651515,0xc7bd,557196,same silly value,a703c281-0548-4c63-af39-e6aae1a355f2,splunk> because ninjas are too busy 
2020-10-28 23:09:00.830591,0xebd4,998545,same silly value,3d077e13-4bb0-4f89-89a8-0c14f33231d5,splunk ML> Solve problems you didn't know you were about to have 
2020-10-29 02:22:31.987605,0x8df5,757178,same silly value,9fe48643-d9e5-4778-86de-20010b097568,splunk> don't get caught up in the game of pwns 
2020-10-29 02:32:59.615596,0xc1ba,878478,same silly value,6fb07460-a264-49c4-989d-861cbe3e92d1,Splunk> When you bring data to Everything anything is possible
2020-10-29 02:56:30.597528,0x2190,69410,same silly value,d07007fd-f7e8-4bf7-9162-f3694f80c032,splunk> IT like you mean it 
2020-10-29 03:55:26.221574,0x4eb4,523824,same silly value,3f962c7c-1147-4d36-bda4-5af70aaf44e9,Splunk> The end of meh-trics
2020-10-29 04:23:16.880578,0xaa73,635425,same silly value,f4f899ea-f996-4068-8954-1dda4cc30b73,Splunk> I'm ESXi and I know it
2020-10-29 05:30:54.028412,0x6e5c,460020,same silly value,50440abd-2f92-433f-ad20-1999edb78e93,Splunk> Cloud control
2020-10-29 05:51:53.101726,0xa0fc,225026,same silly value,36a86005-067d-410c-816f-56a661197caf,Splunk> Don't be a SOAR loser
2020-10-29 06:04:25.567566,0x49d1,739576,same silly value,47b62a53-b724-41a3-9303-0fed41e09c49,Splunk> Dark Mode
2020-10-29 06:58:08.515697,0xf497,38262,same silly value,e49d3914-16a6-4344-829b-e5a6e2293b61,"Splunk> Finding your faults, just like mom. "
2020-10-29 08:55:27.761511,0xf89f,313669,same silly value,b8b3b08a-9ab2-4817-a7d0-caec06e502b4,"Splunk> See your world, Mabye you wish you hadn'tail"
2020-10-29 09:55:46.111718,0xc06f,133362,same silly value,160a199d-ee7c-482d-a2af-3643c96f32e6,Splunk> The end of meh-trics
2020-10-29 14:01:16.498647,0x8d87,365163,same silly value,04db2a44-cf85-49af-81d6-f2b748a2c484,splunk> Digs deeper than a jealous spouse. 
2020-10-29 16:00:38.111370,0xaca2,181729,same silly value,51f91afd-015c-4e42-9e1f-f58434a06630,"Splunk> More brain, less surgery"
2020-10-29 16:35:33.534429,0xe261,265211,same silly value,3129a4ab-479a-4b9e-a7ec-7b27be4552a3,"Splunk> Find your Achilles' heel, before a Trojan does."
2020-10-29 17:04:50.202404,0x9c59,287662,same silly value,72b1795b-45fb-45c3-8872-3c663bf87edd,splunk> don't get caught up in the game of pwns 
2020-10-29 19:30:05.451400,0xe1d0,632299,same silly value,b74424ec-8548-4cfe-af01-f1679dfa9a17,"Splunk> Finding your faults, just like mom. "
2020-10-29 19:35:27.174570,0xfe73,642597,same silly value,5a47dd3f-f15b-42fc-8ea8-d21c039899b2,"Splunk> More brain, less surgery"
2020-10-29 21:16:51.711685,0x9674,634898,same silly value,9cd57da4-4aea-47ca-a468-8fc008d8de56,"Splunk> Finding your faults, just like mom."
2020-10-29 22:56:30.709634,0xec0,291512,same silly value,132cb87b-e7ef-4296-b786-5e0828784ccc,splunk> Caught me on the server - Wasn't me. 
2020-10-30 03:02:52.274391,0x96b,787856,same silly value,f1c2aea2-7c7d-48a2-a4a0-05a0b1973b60,Splunk> see the light before you tunnel
2020-10-30 04:10:35.448347,0xca2a,635264,same silly value,16ace110-6a85-4801-8fd3-2679f1503d55,Splunk> IoTee.
2020-10-30 05:48:35.837502,0xf739,958434,same silly value,71c0d010-bffe-449f-aedc-a00c6d0bd9e8,Splunk> Map. Reduce. Recycle. 
2020-10-30 07:53:23.361524,0xc2e6,231424,same silly value,a0317dad-e538-4cdb-aaa2-c780779a872e,Splunk> The Notorious B.I.G. D.A.T.A. 
2020-10-30 08:38:45.734353,0xd030,228849,same silly value,3b7c8bbc-1373-477b-83af-8f0e6f60c1bc,
2020-10-30 10:23:34.932660,0x16c7,211931,same silly value,779088f1-32d9-48f4-8529-a61071facf9b,splunk> Finding disturbances in the Force before the Jedi Masters 
2020-10-30 11:07:25.291722,0x9ae3,518424,same silly value,7793bc9b-6083-48a3-9630-00c3c02078ce,Splunk> Be an IT superhero. Go home early. 
2020-10-30 14:29:24.380446,0xe56b,814362,same silly value,1a095eb4-3502-41ea-9e25-016d00737678,"Splunk> See the forest ""and"" the trees."
2020-10-30 15:13:25.704693,0x998b,181685,same silly value,4752e99d-b4ce-4d3d-9c26-e214083fd6fb,Splunk> I'm ESXi and I know it
2020-10-30 16:16:58.501664,0xb4d0,642062,same silly value,dad455ac-f40d-4796-84bc-edfe7aa9fb76,splunk> We line break for regular expressions 
2020-10-30 16:35:34.031668,0x7017,425014,same silly value,98948b49-31d9-4530-95f9-cdb23948e5e8,splunk> All batbelt. No tights. 
2020-10-30 16:38:17.737553,0x8019,433031,same silly value,75677106-9057-44f6-8ecf-63adff9171cb,splunk> this way: Run-D.M.C. 
2020-10-30 17:27:05.153383,0xe4ff,769411,same silly value,cee3f861-d881-4d9b-a51d-16cc9be66e55,Splunk> Take the sh out of IT
2020-10-30 18:22:25.239672,0x2ee9,889502,same silly value,cf27f69b-b225-45ea-a4a8-f05ad0d2be9e,"Splunk> Like an F-18, bro. "
2020-10-30 19:37:45.117375,0x5e61,774531,same silly value,d8c20722-7f1a-452a-a9fa-57e16d67b07d,Splunk> Australian for grep. 
2020-10-30 20:33:25.761625,0x6b41,490429,same silly value,0dde538b-1857-4774-8b6e-7116486a0a50,splunk> Caught me on the server - Wasn't me. 
2020-10-30 20:55:49.875396,0xd26e,85449,same silly value,925c7556-3310-44a8-b610-8a8593b529a5,Splunk> The IT Search Engine. 
2020-10-30 23:45:16.342621,0x1a1e,838135,same silly value,9a3cf9bc-6da9-4b63-91dd-ce0bd32c5c0c,Splunk> Because you can't always blame Canada
2020-10-31 00:58:53.609338,0x5695,76576,same silly value,fcc29917-25e8-4c61-bc11-a52fb0818aa1,Splunk> Its not a | line problem.
2020-10-31 04:59:33.238738,0x4ee2,463347,same silly value,d1aca9bd-2916-478b-9e80-a1fd8c0764f8,Splunk> You bet your sweet SaaS
2020-10-31 08:12:44.936714,0xde86,489593,same silly value,7a978896-1782-4a24-93f4-d5a6cc7d9272,splunk> Chasing tail since 2003 
2020-10-31 09:12:32.356630,0x818a,234369,same silly value,d5669dbe-0fc5-4551-8256-9b4aaffa5113,"Splunk> Like an F-18, bro. "
2020-10-31 11:34:06.657519,0x6213,77751,same silly value,aa83de94-5a27-47d1-b2fa-949c6c9ae8f1,splunk> The bran for your system 
2020-10-31 12:08:11.366536,0xd52b,138090,same silly value,2e5c2ca0-16ec-4369-9ddf-6d39d8979657,Splunk> Ctrl + F1
2020-10-31 12:49:40.312557,0xc3ba,206744,same silly value,46e76fe4-4cd9-41d3-910d-2ae34443827d,Splunk> I'm ESXi and I know it
2020-10-31 14:02:20.968366,0x4a6a,751604,same silly value,d3f681eb-f39b-458e-bc1a-75a5d1f66841,Splunk> Needle. Haystack. Found. 
2020-10-31 16:24:17.456489,0x8d01,122966,same silly value,4637ec5d-2968-48b0-8cf0-34d9f2c52335,"Splunk> Finding your faults, just like mom. "
2020-10-31 16:54:37.811320,0xa7c7,958802,same silly value,0b0285a8-4cf7-4fc2-b568-27ad22a6e42e,Splunk> data with destiny 
2020-10-31 17:01:07.207464,0xaaa1,653862,same silly value,712c1f7e-dd7d-4b95-9225-1cab5804a289,Splunk> I'm ESXi and I know it
2020-10-31 17:13:29.456651,0xa231,923759,same silly value,d55cc2e8-ee0c-4474-9cf2-36a223892919,Splunk> A petabyte of data is a terrible thing to waste.
2020-10-31 23:33:18.853379,0xf4c1,528801,same silly value,98203939-8bc0-4e89-a836-fc6c30f68295,Splunk> Can you SPL?
2020-11-01 00:02:19.591582,0x7b84,589219,same silly value,62216bc2-db41-4707-bf49-c54ecaa2d866,Splunk> Now with more code! 
2020-11-01 00:12:30.608705,0xbe4a,177836,same silly value,7125518b-debf-464e-b204-9dbc8ac827a0,splunk> Caught me on the server - Wasn't me. 
2020-11-01 00:44:16.714434,0xe793,25832,same silly value,5f50acb1-6d28-485a-a561-7caebaedee19,splunk> Caught me on the server - Wasn't me. 
2020-11-01 05:45:46.151334,0x17a3,755359,same silly value,5707d73f-a86e-49d4-b13e-82b44e8e1141,Splunk> Now with more code! 
2020-11-01 07:31:33.186481,0x1761,502578,same silly value,91af078a-f116-47f6-858b-8bc8c7783c39,Splunk> A petabyte of data is a terrible thing to waste.
2020-11-01 10:49:56.588416,0xd226,366201,same silly value,97839337-b20c-4719-9418-a9d97b7f45a5,Splunk> Cloud control
2020-11-01 14:38:38.444701,0x585,84083,same silly value,d33fb774-0b12-47f5-b56e-3d93ea5a40ae,Splunk> A petabyte of data is a terrible thing to waste.
2020-11-01 16:47:09.793442,0x4a4,626850,same silly value,b4827da3-f840-4a04-bb9d-17849cc98c3c,Splunk> Log. I am your farther
2020-11-01 17:09:22.428734,0xe54d,902040,same silly value,15777575-df0e-42ec-b0e8-45a4757db03d,splunk> All batbelt. No tights. 
2020-11-01 19:14:23.739357,0x521c,637245,same silly value,4d198825-e943-4266-9618-84e96e799f53,Splunk> Its not a | line problem.
2020-11-01 21:05:29.460303,0x932f,237662,same silly value,a9f8136a-9fb3-464c-8526-2556479fc0da,Splunk> $bin/splunk help
2020-11-01 21:05:55.750609,0xa685,665526,same silly value,481aac2d-9b96-4fa1-85d7-71f39763fe69,Splunk> Winning the War on Error 
2020-11-02 02:09:11.573587,0x8660,344141,same silly value,7a853058-57e3-47fb-a893-787a5e8e4cdf,splunk> All batbelt. No tights. 
2020-11-02 06:40:10.603315,0x9ad1,109858,same silly value,89213279-1a96-4f0f-b044-54f1f00aa1ea,splunk> Open a can of whooparse 
2020-11-02 11:30:48.992408,0x1f14,384189,same silly value,1e350589-a222-463c-aaed-ef79b0d745f2,Splunk> Its not a | line problem.
2020-11-02 14:15:10.217473,0xecc,207115,same silly value,76c6b623-7176-4092-9505-2415b5592f07,
2020-11-02 14:22:18.373541,0xd7f7,540852,same silly value,8b86dc7c-04f9-4033-9b5f-a20577de171f,Splunk> Australian for grep. 
2020-11-02 14:45:51.217498,0xab21,97263,same silly value,3618428f-6664-4067-b429-aa746586c83d,
2020-11-02 16:10:04.836709,0xf6b6,677529,same silly value,2b98cc7b-af4b-4352-bfb0-0ca1941db6f0,Splunk> The IT Search Engine. 
2020-11-02 16:59:48.161642,0x5eed,60760,same silly value,b06aa236-59c0-4703-a517-ee1e515eeef9,Splunk> Winning the War on Error 
2020-11-02 19:47:12.141600,0x2567,120769,same silly value,5a8fe772-46f4-4ab1-ab97-b5f8684786c0,
2020-11-02 20:39:13.949387,0x9f75,899758,same silly value,041b5423-c522-4b9b-97ee-367c567ff20f,"Splunk> Find your Achilles' heel, before a Trojan does."
2020-11-02 22:58:44.391532,0xd4fb,765782,same silly value,90dea63f-ce6b-4d95-a26a-8ac29068a92d,splunk> We line break for regular expressions 
2020-11-02 23:04:58.875477,0xe0aa,773712,same silly value,19126a48-577b-4a8d-987e-2e397f8abdf3,splunk> IT like you mean it 
2020-11-03 01:36:55.604450,0xdbb8,647833,same silly value,335b9e29-b7a4-48d9-bf40-489acf2f02df,
2020-11-03 03:26:08.763485,0x9de1,233282,same silly value,ab233a43-d12d-40f3-84e7-dee44e2ab81e,Splunk> Now with more code! 
2020-11-03 12:09:34.837361,0xa6df,922756,same silly value,4c139025-3ed7-4935-a0d3-7ac854c532d6,Splunk> Log. I am your farther
2020-11-03 14:48:02.218689,0xf193,520943,same silly value,95c0cf43-6865-4574-a1ab-552282cb7c8e,Splunk> 4TW 
