primary_key,primary_value,repeated_field,random_nonsense,long_payload
0,591450,same silly value,a06dc723-1d59-4689-a3f0-b8a1624787eb,splunk> Walking War Room!!
1,528774,same silly value,bdad1bad-1bb8-4e9f-bea3-897235727395,splunk> IT like you mean it
2,90264,same silly value,c5a7d9ae-41e9-461f-a682-34a80533ea66,splunk> More flexible than an Olympic gymnast.
3,532711,same silly value,3ce3146d-6cd9-41ed-a419-b139f2b224df,splunk> because ninjas are too busy
4,406961,same silly value,858c7a09-2bce-4851-93e4-9a5074c55ee8,splunk> We line break for regular expressions
5,79514,same silly value,e30acb96-5daf-43cc-95e0-9d31eb07474f,Splunk> Winning the War on Error
6,978538,same silly value,303b9d27-c55a-4553-8df7-0c97b31dbff2,"Splunk> Like an F-18, bro."
7,764502,same silly value,038848a4-d36e-47f0-b73a-a0b8364449dc,Splunk> The IT Search Engine.
8,336746,same silly value,d025210a-e900-4754-bab1-770c28576a25,Splunk> All batbelt. No tights.
9,755909,same silly value,8a0aadf3-09c2-419e-ab96-dd908d7bf513,Splunk> The Notorious B.I.G. D.A.T.A.
